order_month,order_count,revenue_brl,prev_month_revenue,mom_growth_pct
2016-09-01 00:00:00,1,134.97,,
2016-10-01 00:00:00,265,40325.11,134.97,29777.1
2016-12-01 00:00:00,1,10.9,40325.10999999997,-100.0
2017-01-01 00:00:00,750,111798.36,10.9,1025573.0
2017-02-01 00:00:00,1653,234223.4,111798.35999999993,109.5
2017-03-01 00:00:00,2546,359198.85,234223.4000000006,53.4
2017-04-01 00:00:00,2303,340669.68,359198.8500000007,-5.2
2017-05-01 00:00:00,3546,489338.25,340669.6800000007,43.6
2017-06-01 00:00:00,3135,421923.37,489338.2500000001,-13.8
2017-07-01 00:00:00,3872,481604.52,421923.37000000046,14.1
2017-08-01 00:00:00,4193,554699.7,481604.5200000001,15.2
2017-09-01 00:00:00,4150,607399.67,554699.6999999991,9.5
2017-10-01 00:00:00,4478,648247.65,607399.6699999993,6.7
2017-11-01 00:00:00,7289,987765.37,648247.6499999993,52.4
2017-12-01 00:00:00,5513,726033.19,987765.3699999928,-26.5
2018-01-01 00:00:00,7069,924645.0,726033.1899999977,27.4
2018-02-01 00:00:00,6555,826437.13,924644.9999999938,-10.6
2018-03-01 00:00:00,7003,953356.25,826437.1299999957,15.4
2018-04-01 00:00:00,6798,973534.09,953356.2499999935,2.1
2018-05-01 00:00:00,6749,977544.69,973534.089999994,0.4
2018-06-01 00:00:00,6099,856077.86,977544.6899999946,-12.4
2018-07-01 00:00:00,6159,867953.46,856077.8599999968,1.4
2018-08-01 00:00:00,6351,838576.64,867953.4599999959,-3.4
