sort_group,dimension,segment,order_count,avg_review_score,pct_low_review
1,category,office_furniture,1244,3.516,25.5
1,category,fixed_telephony,209,3.758,23.0
1,category,fashion_male_clothing,105,3.758,25.0
1,category,audio,345,3.838,21.5
1,category,home_confort,390,3.852,19.7
1,category,bed_bath_table,9177,3.924,18.2
1,category,furniture_living_room,409,3.935,17.1
1,category,unknown,1382,3.939,19.5
1,category,furniture_decor,6260,3.953,18.1
1,category,home_construction,481,3.958,17.4
1,category,construction_tools_safety,158,3.967,17.6
1,category,computers_accessories,6499,3.987,17.0
1,category,telephony,4069,3.994,15.5
1,category,kitchen_dining_laundry_garden_furniture,239,4.033,13.6
1,category,fashion_underwear_beach,116,4.048,15.9
1,category,air_conditioning,242,4.053,15.5
1,category,electronics,2498,4.067,14.8
1,category,christmas_supplies,123,4.07,13.3
1,category,watches_gifts,5454,4.072,14.8
1,category,market_place,272,4.073,12.9
1,category,baby,2787,4.078,14.9
1,category,art,193,4.082,14.4
1,category,construction_tools_lights,239,4.082,13.7
1,category,garden_tools,3428,4.084,15.0
1,category,agro_industry_and_commerce,177,4.087,13.6
1,category,construction_tools_construction,731,4.091,14.1
1,category,signaling_and_security,137,4.092,11.7
1,category,housewares,5709,4.106,14.3
1,category,auto,3792,4.115,13.9
1,category,costruction_tools_garden,190,4.116,15.5
1,category,drinks,287,4.119,12.5
1,category,industry_commerce_and_business,230,4.126,13.0
1,category,consoles_games,1009,4.139,12.1
1,category,home_appliances_2,226,4.157,12.2
1,category,sports_leisure,7486,4.165,13.0
1,category,health_beauty,8601,4.19,12.5
1,category,fashion_bags_accessories,1811,4.194,11.3
1,category,cool_stuff,3531,4.195,11.8
1,category,toys,3774,4.208,12.2
1,category,pet_shop,1680,4.217,12.1
1,category,home_appliances,744,4.218,10.9
1,category,computers,174,4.219,11.7
1,category,perfumery,3076,4.22,13.0
1,category,musical_instruments,605,4.222,11.9
1,category,small_appliances,604,4.224,12.3
1,category,stationery,2251,4.246,11.6
1,category,food,437,4.263,11.7
1,category,fashion_shoes,231,4.281,11.1
1,category,luggage_accessories,1015,4.352,8.7
1,category,food_drink,221,4.364,6.7
1,category,books_technical,255,4.389,10.3
1,category,books_general_interest,492,4.512,6.8
2,---,--- state results below ---,,,
3,state,MA,712,3.833,19.9
3,state,AL,394,3.848,21.3
3,state,SE,334,3.907,18.9
3,state,PA,933,3.914,17.9
3,state,BA,3229,3.931,17.0
3,state,CE,1273,3.944,17.1
3,state,RJ,12211,3.965,18.3
3,state,PI,471,3.994,16.1
3,state,PB,512,4.076,14.8
3,state,ES,1969,4.079,13.8
3,state,PE,1579,4.083,14.8
3,state,GO,1946,4.106,13.2
3,state,DF,2070,4.131,13.2
3,state,SC,3519,4.134,13.0
3,state,MT,879,4.146,12.7
3,state,RN,471,4.151,13.0
3,state,TO,273,4.154,12.1
3,state,MS,699,4.162,13.3
3,state,RO,242,4.165,12.0
3,state,RS,5327,4.185,11.9
3,state,MG,11285,4.192,11.8
3,state,PR,4900,4.24,10.9
3,state,AM,144,4.243,13.2
3,state,SP,40273,4.246,10.7
