tier,category,qualifying_seller_count,few_qualifying_sellers,in_both_lists,rank,seller_id,order_count,avg_review_score,pct_low_review
both,agro_industry_and_commerce,1,True,True,1,e59aa562b9f8076dd550fcddf0e73491,69,4.329,8.5
both,air_conditioning,1,True,True,1,7a241947449cc45dbfda4f9d0798d9d0,32,4.25,6.3
both,art,1,True,True,1,c31eff8334d6b3047ed34bebd4d62c36,103,3.779,20.2
both,audio,5,True,True,1,b2ba3715d723d245138f291a6fe42594,31,4.091,12.1
both,audio,5,True,True,2,4869f7a5dfa277a7dca6462dcf3b52b2,56,4.036,19.6
both,audio,5,True,True,3,7d13fca15225358621be4086e1eb0964,47,3.957,19.1
both,audio,5,True,True,4,6560211a19b47992c3666cc44a7e94c0,30,3.813,21.9
both,audio,5,True,True,5,7040e82f899a04d1b434b795a43b4617,91,3.474,29.5
top_10,auto,22,False,False,1,116ccb1a1604bc88e4d234a8c23f33de,50,4.804,0.0
top_10,auto,22,False,False,2,080199a181c46c657dc5aa235411be3b,78,4.61,1.2
top_10,auto,22,False,False,3,6338ea67c41078a46ad99cc009654956,35,4.61,4.9
top_10,auto,22,False,False,4,c003204e1ab016dfa150abc119207b24,151,4.579,2.0
top_10,auto,22,False,False,5,31561f325664a8a7aba4c8d0c3a9b3db,34,4.556,5.6
top_10,auto,22,False,False,6,1d4587203296c8f4ad134dc286fa6db0,40,4.366,9.8
top_10,auto,22,False,False,7,25cf099de44674fde97473224f9d59ab,49,4.327,10.2
top_10,auto,22,False,False,8,8581055ce74af1daba164fdbd55a40de,379,4.265,10.8
top_10,auto,22,False,False,9,3f995f07c49d0d55a99d5c54957f7d81,41,4.244,9.8
top_10,auto,22,False,False,10,6a8b085f816a1f75f92dbac6eb545f8f,125,4.165,10.5
bottom_10,auto,22,False,False,1,712e6ed8aa4aa1fa65dab41fed5737e4,76,3.464,34.5
bottom_10,auto,22,False,False,2,cee48807215b30a12ca2ca10ffb5f250,37,3.658,26.3
bottom_10,auto,22,False,False,3,e96498ed8daaa3e9c23f7a62da76591c,34,3.941,20.6
bottom_10,auto,22,False,False,4,05d2173d43ea568aa0540eba70d2ca76,45,3.959,18.4
bottom_10,auto,22,False,False,5,b4ffb71f0cb1b1c3d63fad021ecf93e1,143,4.03,15.9
bottom_10,auto,22,False,False,6,7142540dd4c91e2237acb7e911c4eba2,225,4.031,14.1
bottom_10,auto,22,False,False,7,34056b8b55c1775a22af2331670a799c,77,4.039,14.3
bottom_10,auto,22,False,False,8,5d0363b33554b373851fc1622e4d5f3c,88,4.045,12.4
bottom_10,auto,22,False,False,9,c8b0e2b0a7095e5d8219575d5e7e1181,83,4.048,15.5
bottom_10,auto,22,False,False,10,3db66a856d18a9cba7c9241fc5221c50,42,4.07,16.3
top_10,baby,23,False,False,1,e26901d5ab434ce92fd9b5c256820a4e,44,4.614,2.3
top_10,baby,23,False,False,2,bf3c6d2a28b2b5501e6c15448982dcc9,34,4.6,0.0
top_10,baby,23,False,False,3,aafe36600ce604f205b86b5084d3d767,102,4.466,7.8
top_10,baby,23,False,False,4,fa40cc5b934574b62717c68f3d678b6d,38,4.4,12.5
top_10,baby,23,False,False,5,4b9750c8ad28220fe6702d4ecb7c898f,206,4.364,6.7
top_10,baby,23,False,False,6,f680f85bee2d253556ac91be391d2c82,31,4.333,6.1
top_10,baby,23,False,False,7,c6bda72e4dbf5c5866b13cb1810c6d03,48,4.313,10.4
top_10,baby,23,False,False,8,e8b4225284fbb02d16f200513f1f395d,30,4.3,3.3
top_10,baby,23,False,False,9,7ea5bfa6c340f58f8e71fc1f0412b0d6,91,4.28,7.5
top_10,baby,23,False,False,10,05f51e13da97139648b8125c31e5f51b,55,4.224,13.8
bottom_10,baby,23,False,False,1,bbad7e518d7af88a0897397ffdca1979,42,3.182,40.9
bottom_10,baby,23,False,False,2,5dceca129747e92ff8ef7a997dc4f8ca,103,3.194,40.8
bottom_10,baby,23,False,False,3,ad781527c93d00d89a11eecd9dcad7c1,38,3.342,34.2
bottom_10,baby,23,False,False,4,f45122a9ab94eb4f3f8953578bc0c560,36,3.583,30.6
bottom_10,baby,23,False,False,5,9e6229250fedbe05838fef417b74e7fb,39,3.61,22.0
bottom_10,baby,23,False,False,6,855668e0971d4dfd7bef1b6a4133b41b,270,3.817,21.9
bottom_10,baby,23,False,False,7,1d8dbc4f32378d715c717c1c1fc57bae,89,3.926,17.9
bottom_10,baby,23,False,False,8,d673a59aac7a70d8b01e6902bf090a11,77,3.939,14.6
bottom_10,baby,23,False,False,9,d98eec89afa3380e14463da2aabaea72,58,4.044,16.2
bottom_10,baby,23,False,False,10,adbc26658d6c7b4b6219f9d934598091,56,4.052,19.0
top_10,bed_bath_table,47,False,False,1,cce6ab8d1682639fe45ab70234f1665f,61,4.531,4.7
top_10,bed_bath_table,47,False,False,2,e38db885400cd35c71dfd162f2c1dbcf,30,4.5,6.3
top_10,bed_bath_table,47,False,False,3,37be5a7c751166fbc5f8ccba4119e043,262,4.336,8.9
top_10,bed_bath_table,47,False,False,4,00ee68308b45bc5e2660cd833c3f81cc,112,4.336,9.4
top_10,bed_bath_table,47,False,False,5,33a6f4b1e7cdc205511e76ba1b6e0186,94,4.313,11.3
top_10,bed_bath_table,47,False,False,6,1e8b33f18b4f7598d87f5cbee2282cc2,120,4.307,13.9
top_10,bed_bath_table,47,False,False,7,951e8cef368f09bb3f3d03c00ca4702c,45,4.288,7.7
top_10,bed_bath_table,47,False,False,8,640e21a7d01df7614a3b4923e990d40c,115,4.287,8.1
top_10,bed_bath_table,47,False,False,9,1a3df491d1c4f1589fc2b934ada68bf2,160,4.246,9.4
top_10,bed_bath_table,47,False,False,10,259f7b5e6e482c230e5bfaa670b6bb8f,127,4.243,13.8
bottom_10,bed_bath_table,47,False,False,1,602044f2c16190c2c6e45eb35c2e21cb,47,2.963,44.4
bottom_10,bed_bath_table,47,False,False,2,972d0f9cf61b499a4812cf0bfa3ad3c4,79,2.964,44.0
bottom_10,bed_bath_table,47,False,False,3,54965bbe3e4f07ae045b90b0b8541f52,69,3.066,42.1
bottom_10,bed_bath_table,47,False,False,4,b2479f944e1b90cf8a5de1bbfde284d6,98,3.26,35.8
bottom_10,bed_bath_table,47,False,False,5,6fd52c528dcb38be2eea044946b811f8,66,3.5,34.1
bottom_10,bed_bath_table,47,False,False,6,ea67327e24487bdfac5fbfa37ea124df,32,3.559,23.5
bottom_10,bed_bath_table,47,False,False,7,609e1a9a6c2539919b8205cf7c4e6ff0,83,3.583,26.7
bottom_10,bed_bath_table,47,False,False,8,1835b56ce799e6a4dc4eddc053f04066,409,3.615,25.2
bottom_10,bed_bath_table,47,False,False,9,dd2bdf855a9172734fbc3744021ae9b9,76,3.667,21.8
bottom_10,bed_bath_table,47,False,False,10,cca3071e3e9bb7d12640c9fbe2301306,222,3.706,24.4
both,books_general_interest,5,True,True,1,83e197e95a1bbabc8c75e883ed016c47,44,4.72,2.0
both,books_general_interest,5,True,True,2,527801b552d0077ffd170872eb49683b,84,4.529,7.1
both,books_general_interest,5,True,True,3,1bb2bdb95f4841f1bba2c0d2cd83d3c9,34,4.514,5.7
both,books_general_interest,5,True,True,4,f0b47fbbc6dee9aafe415a6e33051b3f,43,4.458,6.3
both,books_general_interest,5,True,True,5,669ae81880e08f269a64487cfb287169,53,4.143,16.1
both,books_technical,3,True,True,1,5f3ae9136c875522250f8184f253413a,39,4.625,2.5
both,books_technical,3,True,True,2,ba143b05f0110f0dc71ad71b4466ce92,76,4.468,7.8
both,books_technical,3,True,True,3,0ffa40d54288e4f3499b8780dd0f144f,30,4.375,12.5
both,christmas_supplies,2,True,True,1,113e3a788b935f48aad63e1c41dac1bd,38,4.404,4.3
both,christmas_supplies,2,True,True,2,d93919c944be9cff128f6c9cb899eacb,32,4.031,18.8
both,computers,1,True,True,1,53243585a1d6dc2643021fd1853d8905,141,4.23,10.8
top_10,computers_accessories,49,False,False,1,080102cd0a76b09e0dcf55fcacc60e05,90,4.543,4.3
top_10,computers_accessories,49,False,False,2,f262cbc1c910c83959f849465454ddd3,97,4.451,7.8
top_10,computers_accessories,49,False,False,3,fc906263ca5083d09dce42fe02247800,61,4.422,9.4
top_10,computers_accessories,49,False,False,4,2b3e4a2a3ea8e01938cabda2a3e5cc79,52,4.389,7.4
top_10,computers_accessories,49,False,False,5,f8db351d8c4c4c22c6835c19a46f01b0,34,4.382,5.9
top_10,computers_accessories,49,False,False,6,87142160b41353c4e5fca2360caf6f92,246,4.343,7.2
top_10,computers_accessories,49,False,False,7,9646c3513289980f17226a2fc4720dbd,63,4.343,11.4
top_10,computers_accessories,49,False,False,8,3340ef1913fb70d28420f6ceb685c339,32,4.333,7.1
top_10,computers_accessories,49,False,False,9,1838dd9b8977065acf51d95e0053ea7a,55,4.328,12.1
top_10,computers_accessories,49,False,False,10,9f505651f4a6abe901a56cdc21508025,336,4.316,9.5
bottom_10,computers_accessories,49,False,False,1,2eb70248d66e0e3ef83659f71b244378,57,2.492,57.1
bottom_10,computers_accessories,49,False,False,2,8e6d7754bc7e0f22c96d255ebda59eba,84,2.992,45.0
bottom_10,computers_accessories,49,False,False,3,88460e8ebdecbfecb5f9601833981930,245,3.365,31.8
bottom_10,computers_accessories,49,False,False,4,897060da8b9a21f655304d50fd935913,290,3.476,29.4
bottom_10,computers_accessories,49,False,False,5,165fc07beebdcb6190fba8a06db2a449,47,3.632,26.3
bottom_10,computers_accessories,49,False,False,6,229c3efbfb0ea2058de4ccdfbc3d784a,117,3.643,25.9
bottom_10,computers_accessories,49,False,False,7,6973a06f484aacf400ece213dbf3d946,88,3.645,25.2
bottom_10,computers_accessories,49,False,False,8,36a968b544695394e4e9d7572688598f,78,3.671,26.8
bottom_10,computers_accessories,49,False,False,9,25c5c91f63607446a97b143d2d535d31,151,3.729,22.1
bottom_10,computers_accessories,49,False,False,10,ede0c03645598cdfc63ca8237acbe73d,36,3.769,25.6
both,consoles_games,6,True,True,1,43f8c9950d11ecd03a0304a49e010da6,41,4.561,2.4
both,consoles_games,6,True,True,2,7299e27ed73d2ad986de7f7c77d919fa,151,4.559,5.0
both,consoles_games,6,True,True,3,37515688008a7a40ac93e3b2e4ab203f,224,4.089,10.6
both,consoles_games,6,True,True,4,66e0557ecc2b4dbea057e93f215f68d8,30,4.033,13.3
both,consoles_games,6,True,True,5,522620dcb18a6b31cd7bdf73665113a9,89,3.783,22.8
both,consoles_games,6,True,True,6,e8b3a3a38279a82f0e5d006d5e5b7d2c,44,3.723,25.5
both,construction_tools_construction,5,True,True,1,e0a366315b1b726b6c7832d664c0f530,36,4.465,9.3
both,construction_tools_construction,5,True,True,2,6860153b69cc696d5dcfe1cdaaafcf62,71,4.185,13.6
both,construction_tools_construction,5,True,True,3,59b22a78efb79a4797979612b885db36,39,4.146,12.2
both,construction_tools_construction,5,True,True,4,8648b1e89e9b349e32d3741b30ec737e,74,4.037,17.3
both,construction_tools_construction,5,True,True,5,0b35c634521043bf4b47e21547b99ab5,49,3.526,25.0
both,construction_tools_lights,3,True,True,1,1025f0e2d44d7041d6cf58b6550e0bfa,65,4.275,7.2
both,construction_tools_lights,3,True,True,2,955fee9216a65b617aa5c0531780ce60,40,4.018,16.1
both,construction_tools_lights,3,True,True,3,d6b1ce66b035a475f00c017792ff9769,65,3.972,16.9
both,construction_tools_safety,1,True,True,1,4a3ccda38b2129705f3fb522db62ca31,48,3.882,23.5
top_10,cool_stuff,19,True,False,1,3504c0cb71d7fa48d967e0e4c94d59d9,33,4.667,0.0
top_10,cool_stuff,19,True,False,2,834f3294fba9f932f56edc879193f925,65,4.569,4.6
top_10,cool_stuff,19,True,False,3,12b9676b00f60f3b700e83af21824c0e,129,4.558,3.9
top_10,cool_stuff,19,True,False,4,850f4f8af5ea87287ac68de36e29107f,54,4.509,7.3
top_10,cool_stuff,19,True,False,5,955fee9216a65b617aa5c0531780ce60,115,4.357,7.0
top_10,cool_stuff,19,True,False,6,cb8bcce248bb1fb274ba762d8b971456,61,4.328,4.9
top_10,cool_stuff,19,True,False,7,7a67c85e85bb2ce8582c35f2203ad736,1043,4.286,9.8
top_10,cool_stuff,19,True,False,8,4869f7a5dfa277a7dca6462dcf3b52b2,53,4.241,14.8
top_10,cool_stuff,19,True,False,9,537eb890efff034a88679788b647c564,33,4.235,5.9
bottom_10,cool_stuff,19,True,False,1,44073f8b7e41514de3b7815dd0237f4f,30,3.063,37.5
bottom_10,cool_stuff,19,True,False,2,8cbac7e12637ed9cffa18c7875207478,34,3.526,18.4
bottom_10,cool_stuff,19,True,False,3,e9bc59e7b60fc3063eb2290deda4cced,45,3.804,19.6
bottom_10,cool_stuff,19,True,False,4,7ddcbb64b5bc1ef36ca8c151f6ec77df,163,3.963,16.5
bottom_10,cool_stuff,19,True,False,5,aac29b1b99776be73c3049939652091d,52,4.07,10.5
bottom_10,cool_stuff,19,True,False,6,f8db351d8c4c4c22c6835c19a46f01b0,35,4.086,11.4
bottom_10,cool_stuff,19,True,False,7,48436dade18ac8b2bce089ec2a041202,111,4.113,12.9
bottom_10,cool_stuff,19,True,False,8,dc317f341ab0e22f39acbd9dbf9b4a1f,52,4.145,16.4
bottom_10,cool_stuff,19,True,False,9,2e90cb1677d35cfe24eef47d441b7c87,32,4.206,11.8
both,cool_stuff,19,True,True,10,ceaec5548eefc6e23e6607c5435102e7,169,4.216,10.8
both,costruction_tools_garden,2,True,True,1,8bb48dc19fccaa8613b6229bf7f452a2,54,4.377,9.8
both,costruction_tools_garden,2,True,True,2,f80edd2c5aaa505cc4b0a3b219abf4b8,40,3.907,16.3
both,drinks,2,True,True,1,e9779976487b77c6d4ac45f75ec7afe9,167,4.278,8.3
both,drinks,2,True,True,2,9b013e03b2ab786505a1d3b5c0756754,49,4.204,11.1
both,dvds_blu_ray,1,True,True,1,75fbb52eda0cbc24f479d3b2fbfa8d3e,38,4.488,7.3
top_10,electronics,11,True,False,1,dbd66278cbfe1aa1000f90a217ca4695,67,4.45,2.5
bottom_10,electronics,11,True,False,1,4e922959ae960d389249c378d1c939f5,50,3.421,35.1
both,electronics,11,True,True,2,128639473a139ac0f3e5f5ade55873a5,505,4.191,11.3
both,electronics,11,True,True,3,582d4f8675b945722eda7c0cb61ba4c7,51,4.177,11.3
both,electronics,11,True,True,4,8b321bb669392f5163d04c59e235e066,836,4.011,16.5
both,electronics,11,True,True,5,c003204e1ab016dfa150abc119207b24,44,4.0,16.7
both,electronics,11,True,True,6,6039e27294dc75811c0d8a39069f52c0,35,3.923,17.9
both,electronics,11,True,True,7,2e90cb1677d35cfe24eef47d441b7c87,81,3.884,20.9
both,electronics,11,True,True,8,5656537e588803a555b8eb41f07a944b,84,3.844,20.0
both,electronics,11,True,True,9,e9d99831abad74458942f21e16f33f92,50,3.843,17.6
both,electronics,11,True,True,10,70a12e78e608ac31179aea7f8422044b,30,3.75,18.8
top_10,fashion_bags_accessories,15,True,False,1,0ebd97a106433a45a4aebe57c1799778,31,4.5,6.3
top_10,fashion_bags_accessories,15,True,False,2,d98eec89afa3380e14463da2aabaea72,61,4.484,4.8
top_10,fashion_bags_accessories,15,True,False,3,d57e18d5f73c7ccb7f7339b61166898d,42,4.477,9.1
top_10,fashion_bags_accessories,15,True,False,4,643214e62b870443ccbe55ab29a4dccf,64,4.391,4.7
top_10,fashion_bags_accessories,15,True,False,5,b372ee768ed69e46ca8cdbd267aa7a38,63,4.391,10.1
bottom_10,fashion_bags_accessories,15,True,False,1,891071be6ba827b591264c90c2ae8a63,40,3.595,26.2
bottom_10,fashion_bags_accessories,15,True,False,2,e5a3438891c0bfdb9394643f95273d8e,142,3.774,23.3
bottom_10,fashion_bags_accessories,15,True,False,3,3c487ae8f8d7542beff5788e2e0aea83,30,3.909,18.2
bottom_10,fashion_bags_accessories,15,True,False,4,6560211a19b47992c3666cc44a7e94c0,320,4.081,13.7
bottom_10,fashion_bags_accessories,15,True,False,5,33576ec5412fb5905d876f12f33bfde6,31,4.125,9.4
both,fashion_bags_accessories,15,True,True,6,20d83f3ef0e6925fd74bfd59170babf7,40,4.352,7.4
both,fashion_bags_accessories,15,True,True,7,cab85505710c7cb9b720bceb52b01cee,200,4.34,6.4
both,fashion_bags_accessories,15,True,True,8,0ea22c1cfbdc755f86b9b54b39c16043,211,4.319,8.4
both,fashion_bags_accessories,15,True,True,9,f214d28e8d8e3ef068748498ccc2f813,34,4.297,8.1
both,fashion_bags_accessories,15,True,True,10,efcd8d2104f1a05d028af7bad20d974b,46,4.2,8.0
both,fashion_male_clothing,1,True,True,1,aaed1309374718fdd995ee4c58c9dfcd,31,3.818,18.2
both,fashion_shoes,3,True,True,1,827f8f69dfa529c561901c4f2e0f332f,65,4.307,10.7
both,fashion_shoes,3,True,True,2,048c2757535328e0d7dac690ad3c0aae,49,4.245,14.3
both,fashion_shoes,3,True,True,3,7142540dd4c91e2237acb7e911c4eba2,89,4.111,13.1
both,fashion_underwear_beach,1,True,True,1,a6fe7de3d16f6149ffe280349a8535a0,49,4.06,16.0
both,fixed_telephony,2,True,True,1,b76dba6c951ab00dc4edf0a1aa88037e,37,4.231,10.3
both,fixed_telephony,2,True,True,2,2138ccb85b11a4ec1e37afbd1c8eda1f,35,3.833,19.4
both,food,3,True,True,1,d13e50eaa47b4cbe9eb81465865d8cfc,55,4.772,3.5
both,food,3,True,True,2,cbd996ad3c1b7dc71fd0e5f5df9087e2,84,4.344,8.6
both,food,3,True,True,3,16090f2ca825584b5a147ab24aa30c86,111,3.974,14.8
both,food_drink,2,True,True,1,a3dd39f583bc80bd8c5901c95878921e,34,4.595,2.7
both,food_drink,2,True,True,2,282f23a9769b2690c5dda22e316f9941,56,4.357,3.6
top_10,furniture_decor,45,False,False,1,bd4889b5e9133b35b66e42a8665cea5c,35,4.463,7.3
top_10,furniture_decor,45,False,False,2,6edacfd9f9074789dad6d62ba7950b9c,117,4.459,7.4
top_10,furniture_decor,45,False,False,3,6c7d50c24b3ccd2fd83b44d8bb34e073,93,4.433,5.8
top_10,furniture_decor,45,False,False,4,31344c16881c08a8a72c6d2eb29918c1,42,4.429,9.5
top_10,furniture_decor,45,False,False,5,537eb890efff034a88679788b647c564,55,4.414,6.9
top_10,furniture_decor,45,False,False,6,0c8380b62e38e8a1e6adbeba7eb9688c,33,4.356,6.7
top_10,furniture_decor,45,False,False,7,0241d4d5d36f10f80c644447315af0bd,237,4.31,11.8
top_10,furniture_decor,45,False,False,8,b499c00f28f4b7069ff6550af8c1348a,62,4.261,8.7
top_10,furniture_decor,45,False,False,9,30a2f535bb48308f991d0b9ad4a8c4bb,71,4.253,13.8
top_10,furniture_decor,45,False,False,10,5a8e7d5003a1f221f9e1d6e411de7c23,115,4.239,10.3
bottom_10,furniture_decor,45,False,False,1,7c67e1448b00f6e969d365cea6b010ab,67,3.11,36.3
bottom_10,furniture_decor,45,False,False,2,95f83f51203c626648c875dd41874c7f,41,3.143,48.2
bottom_10,furniture_decor,45,False,False,3,2a261b5b644fa05f4f2700eb93544f2c,51,3.341,36.6
bottom_10,furniture_decor,45,False,False,4,cac4c8e7b1ca6252d8f20b2fc1a2e4af,56,3.41,32.8
bottom_10,furniture_decor,45,False,False,5,82e0a475a88cc9595229d8029273f045,40,3.532,31.2
bottom_10,furniture_decor,45,False,False,6,d20b021d3efdf267a402c402a48ea64b,80,3.635,24.0
bottom_10,furniture_decor,45,False,False,7,5343d0649eca2a983820bfe93fc4d17e,69,3.639,28.7
bottom_10,furniture_decor,45,False,False,8,1da3aeb70d7989d1e6d9b0e887f97c23,34,3.667,23.8
bottom_10,furniture_decor,45,False,False,9,23613d49c3ac2bd302259e55c06c050c,63,3.712,27.4
bottom_10,furniture_decor,45,False,False,10,0bf0150d5b9d60d9cd2906003332f085,33,3.722,24.1
both,furniture_living_room,4,True,True,1,1554a68530182680ad5c8b042c3ab563,88,4.341,10.2
both,furniture_living_room,4,True,True,2,8b9d6eec4a7eb7d0f9d579ce0b38324d,47,4.098,15.7
both,furniture_living_room,4,True,True,3,870d0118f7a9d85960f29ad89d5d989a,37,4.096,7.7
both,furniture_living_room,4,True,True,4,701938c450705b8ae65fc923b70f35c7,68,3.702,19.2
top_10,garden_tools,14,True,False,1,d50d79cb34e38265a8649c383dcffd48,46,4.413,4.3
top_10,garden_tools,14,True,False,2,955fee9216a65b617aa5c0531780ce60,60,4.393,4.9
top_10,garden_tools,14,True,False,3,ff063b022a9a0aab91bad2c9088760b7,43,4.386,4.5
top_10,garden_tools,14,True,False,4,eeb6de78f79159600292e314a77cbd18,66,4.373,7.5
bottom_10,garden_tools,14,True,False,1,e26901d5ab434ce92fd9b5c256820a4e,68,3.857,18.2
bottom_10,garden_tools,14,True,False,2,001cca7ae9ae17fb1caed9dfb1094831,169,3.956,17.6
bottom_10,garden_tools,14,True,False,3,1f50f920176fa81dab994f9023523100,1368,3.996,17.9
bottom_10,garden_tools,14,True,False,4,dfc5fb7259bb2b599ca565e6e9448f0f,30,4.065,9.7
both,garden_tools,14,True,True,5,81a1104df0f08b59c68aa5b03cfe398e,70,4.314,7.1
both,garden_tools,14,True,True,6,23c38debaffe4a25a30fdbd9b586a13f,30,4.303,3.0
both,garden_tools,14,True,True,7,a1043bafd471dff536d0c462352beb48,392,4.215,10.8
both,garden_tools,14,True,True,8,48162d548f5b1b11b9d29d1e01f75a61,33,4.171,9.8
both,garden_tools,14,True,True,9,1127b7f2594683f2510f1c2c834a486b,103,4.15,16.7
both,garden_tools,14,True,True,10,f8db351d8c4c4c22c6835c19a46f01b0,40,4.08,16.0
top_10,health_beauty,60,False,False,1,4371b634e0efc0e22b09b52907d9d469,36,4.763,2.6
top_10,health_beauty,60,False,False,2,516e7738bd8f735ac19a010ee5450d8d,66,4.736,0.0
top_10,health_beauty,60,False,False,3,6df688df543f90e9b38f4319e75a9d88,35,4.542,4.2
top_10,health_beauty,60,False,False,4,bccf933e006e9b94a6184af782963e77,44,4.533,6.7
top_10,health_beauty,60,False,False,5,729b2d09b2a0bdab221076327f13d050,30,4.526,7.9
top_10,health_beauty,60,False,False,6,709e16e2b25c7474d980076c6bfc4806,44,4.5,1.7
top_10,health_beauty,60,False,False,7,edb1ef5e36e0c8cd84eb3c9b003e486d,165,4.454,7.5
top_10,health_beauty,60,False,False,8,94144541854e298c2d976cb893b81343,62,4.4,10.0
top_10,health_beauty,60,False,False,9,da8622b14eb17ae2831f4ac5b9dab84a,241,4.387,8.2
top_10,health_beauty,60,False,False,10,0df3984f9dfb3d49ac6366acbd3bbb85,80,4.378,9.8
bottom_10,health_beauty,60,False,False,1,f46490624488d3ff7ce78613913a7711,80,3.575,28.7
bottom_10,health_beauty,60,False,False,2,e5a38146df062edaf55c38afa99e42dc,40,3.595,26.2
bottom_10,health_beauty,60,False,False,3,f84a00e60c73a49e7e851c9bdca3a5bb,79,3.739,25.0
bottom_10,health_beauty,60,False,False,4,beadbee30901a7f61d031b6b686095ad,55,3.793,20.7
bottom_10,health_beauty,60,False,False,5,431af27f296bc6519d890aa5a05fdb11,115,3.797,24.4
bottom_10,health_beauty,60,False,False,6,db2956745b3a8e9f3785c99f34b5d25e,45,3.804,21.7
bottom_10,health_beauty,60,False,False,7,bf84056e679dbe9c69929847a40e338f,34,3.838,16.2
bottom_10,health_beauty,60,False,False,8,70a12e78e608ac31179aea7f8422044b,42,3.881,19.0
bottom_10,health_beauty,60,False,False,9,f4aba7c0bca51484c30ab7bdc34bcdd1,103,3.882,17.3
bottom_10,health_beauty,60,False,False,10,9b013e03b2ab786505a1d3b5c0756754,53,3.883,20.8
both,home_appliances,3,True,True,1,4559697a8f7e637227c2eeaed843baff,33,4.394,9.1
both,home_appliances,3,True,True,2,f8db351d8c4c4c22c6835c19a46f01b0,34,4.361,5.6
both,home_appliances,3,True,True,3,d91fb3b7d041e83b64a00a3edfb37e4f,487,4.138,13.6
both,home_appliances_2,1,True,True,1,e882b2a25a10b9c057cc49695f222c19,34,4.706,2.9
both,home_confort,2,True,True,1,2528513dd95219a6013d4d05176e391a,92,4.0,16.0
both,home_confort,2,True,True,2,4a3ca9315b744ce9f8e9374361493884,223,3.683,22.9
both,home_construction,3,True,True,1,8a130737016f838139d31878787a39c9,50,4.389,9.3
both,home_construction,3,True,True,2,1025f0e2d44d7041d6cf58b6550e0bfa,58,4.1,16.7
both,home_construction,3,True,True,3,213b25e6f54661939f11710a6fddb871,135,3.87,18.3
top_10,housewares,50,False,False,1,b410bdd36d5db7a65dcd42b7ead933b8,42,4.81,0.0
top_10,housewares,50,False,False,2,2ff97219cb8622eaf3cd89b7d9c09824,36,4.698,2.3
top_10,housewares,50,False,False,3,33a17d60c64393351ebf1ef860f4e0f2,43,4.617,2.1
top_10,housewares,50,False,False,4,b6d44737c043328708f6749c2dbe50bd,61,4.57,6.3
top_10,housewares,50,False,False,5,9de4643a8dbde634fe55621059d92273,69,4.5,6.8
top_10,housewares,50,False,False,6,e5a38146df062edaf55c38afa99e42dc,43,4.465,4.7
top_10,housewares,50,False,False,7,aced59e9b31ef866a94f9e7f29d8d418,52,4.456,7.0
top_10,housewares,50,False,False,8,91f848e9f4be368f4318775aac733370,47,4.368,3.5
top_10,housewares,50,False,False,9,dbb9b48c841a0e39e21f98e1a6b2ec3e,40,4.364,6.8
top_10,housewares,50,False,False,10,f8db351d8c4c4c22c6835c19a46f01b0,170,4.348,9.6
bottom_10,housewares,50,False,False,1,99a54764c341d5dc80b4a8fac4eba3fb,39,3.508,23.0
bottom_10,housewares,50,False,False,2,835f0f7810c76831d6c7d24c7a646d4d,34,3.605,23.7
bottom_10,housewares,50,False,False,3,cd06602b43d8800bd0afad514919d35c,40,3.63,28.3
bottom_10,housewares,50,False,False,4,955fee9216a65b617aa5c0531780ce60,173,3.728,25.5
bottom_10,housewares,50,False,False,5,7040e82f899a04d1b434b795a43b4617,31,3.75,25.0
bottom_10,housewares,50,False,False,6,95e03ca3d4146e4011985981aeb959b9,41,3.765,21.6
bottom_10,housewares,50,False,False,7,06579cb253ecd5a3a12a9e6eb6bf8f47,58,3.806,23.9
bottom_10,housewares,50,False,False,8,ca3bd7cd9f149df75950150d010fe4a2,66,3.84,18.3
bottom_10,housewares,50,False,False,9,688756f717c462a206ad854c5027a64a,72,3.849,16.3
bottom_10,housewares,50,False,False,10,4c18691b6037662be2df78a765d98ab5,55,3.864,16.9
both,industry_commerce_and_business,2,True,True,1,955fee9216a65b617aa5c0531780ce60,30,4.344,9.4
both,industry_commerce_and_business,2,True,True,2,0dd184061fb0eaa7ca37932c68ab91c5,92,3.929,15.2
both,kitchen_dining_laundry_garden_furniture,1,True,True,1,f80edd2c5aaa505cc4b0a3b219abf4b8,56,4.433,8.3
both,luggage_accessories,8,True,True,1,02f5837340d7eb4f653d676c7256523a,30,4.833,3.3
both,luggage_accessories,8,True,True,2,6cd68b3ed6d59aaa9fece558ad360c0a,96,4.535,2.0
both,luggage_accessories,8,True,True,3,5dceca129747e92ff8ef7a997dc4f8ca,181,4.359,8.7
both,luggage_accessories,8,True,True,4,0be8ff43f22e456b4e0371b2245e4d01,31,4.355,9.7
both,luggage_accessories,8,True,True,5,dbc22125167c298ef99da25668e1011f,255,4.341,7.5
both,luggage_accessories,8,True,True,6,b1a81260566c1bac3114a6d124413f27,32,4.147,14.7
both,luggage_accessories,8,True,True,7,7ddcbb64b5bc1ef36ca8c151f6ec77df,36,3.917,19.4
both,luggage_accessories,8,True,True,8,f262cbc1c910c83959f849465454ddd3,33,3.639,25.0
both,market_place,1,True,True,1,aae3bfea055532c57fb453ed3ec80b30,47,3.551,22.4
both,musical_instruments,6,True,True,1,d23019c84ffae2d5ef2270367b8605fc,39,4.41,5.1
both,musical_instruments,6,True,True,2,7b0df942f46435babab05d49b744b2c4,30,4.367,6.7
both,musical_instruments,6,True,True,3,83deb69e889cf80f82be1dc6d5f2d486,40,4.357,14.3
both,musical_instruments,6,True,True,4,f5a590cf36251cf1162ea35bef76fe84,97,4.294,10.8
both,musical_instruments,6,True,True,5,ce248b21cb2adc36282ede306b7660e5,41,4.262,11.9
both,musical_instruments,6,True,True,6,6d66611d7c44cc30ce351abc49a68421,94,4.115,13.5
both,office_furniture,4,True,True,1,17a053fcb14bd219540cbde0df490be0,118,4.206,11.3
both,office_furniture,4,True,True,2,a7f13822ceb966b076af67121f87b063,67,3.538,23.1
both,office_furniture,4,True,True,3,7c67e1448b00f6e969d365cea6b010ab,877,3.394,27.9
both,office_furniture,4,True,True,4,5058e8c1e82653974541e83690655b4a,44,2.964,39.3
top_10,perfumery,17,True,False,1,289cdb325fb7e7f891c38608bf9e0962,103,4.591,4.3
top_10,perfumery,17,True,False,2,620c87c171fb2a6dd6e8bb4dec959fc6,356,4.415,8.6
top_10,perfumery,17,True,False,3,058fd0aa2bfdb2274e05e1ae971dabb6,59,4.403,8.1
top_10,perfumery,17,True,False,4,fe2032dab1a61af8794248c8196565c9,286,4.389,9.4
top_10,perfumery,17,True,False,5,7178f9f4dd81dcef02f62acdf8151e01,52,4.365,11.5
top_10,perfumery,17,True,False,6,2dee2ce60de9709b1a24083217181a1f,54,4.364,7.3
top_10,perfumery,17,True,False,7,ef0ace09169ac090589d85746e3e036f,109,4.345,10.1
bottom_10,perfumery,17,True,False,1,11bfa66332777660bd0640ee84d47006,31,3.333,39.6
bottom_10,perfumery,17,True,False,2,3c7c4a49ec3c6550809089c6a2ca9370,139,3.734,26.6
bottom_10,perfumery,17,True,False,3,0c7533c71df861ec58ad7ff999ed0e8d,61,4.082,16.4
bottom_10,perfumery,17,True,False,4,a888faf2d1baececa6baf9c3d603ee1f,53,4.111,14.8
bottom_10,perfumery,17,True,False,5,4e06067cc08b3f41d837768d392c3ee3,31,4.174,19.6
bottom_10,perfumery,17,True,False,6,f8db351d8c4c4c22c6835c19a46f01b0,41,4.186,11.6
bottom_10,perfumery,17,True,False,7,cc419e0650a3c5ba77189a1882b7556a,612,4.199,12.2
both,perfumery,17,True,True,8,17e34d8224d27a541263c4c64b11a56b,130,4.336,9.7
both,perfumery,17,True,True,9,26d8a1c7c75d513045798992ead43aa2,31,4.313,12.5
both,perfumery,17,True,True,10,afe0067131b73e40875c9b6c10bd2e21,44,4.273,9.1
top_10,pet_shop,14,True,False,1,718539d38d07dd351c76db862760e2e2,34,4.476,9.5
top_10,pet_shop,14,True,False,2,66922902710d126a0e7d26b0e3805106,149,4.474,5.8
top_10,pet_shop,14,True,False,3,5cf13accae3222c70a9cac40818ae839,146,4.458,7.8
top_10,pet_shop,14,True,False,4,f8db351d8c4c4c22c6835c19a46f01b0,78,4.214,13.1
bottom_10,pet_shop,14,True,False,1,070d165398b553f3b4b851c216b8a358,30,3.541,29.7
bottom_10,pet_shop,14,True,False,2,dd7ddc04e1b6c2c614352b383efe2d36,102,3.792,18.3
bottom_10,pet_shop,14,True,False,3,1336efc61c316ddf92c899eb817f7cae,36,3.814,20.9
bottom_10,pet_shop,14,True,False,4,f45122a9ab94eb4f3f8953578bc0c560,128,3.971,17.5
both,pet_shop,14,True,True,5,70c27847eca8195c983ed7e798c56743,77,4.204,18.4
both,pet_shop,14,True,True,6,f789d2c4f2c2eb38fc4373e7a4b35264,43,4.188,14.6
both,pet_shop,14,True,True,7,c013e57c075a06e5b5c48ee03c525719,42,4.156,8.9
both,pet_shop,14,True,True,8,e067ad2c1c0b48758eb1b5228bcf7a68,54,4.131,11.5
both,pet_shop,14,True,True,9,232a6014e7b10cba61c6c2b2ea6bb4b0,32,4.086,14.3
both,pet_shop,14,True,True,10,fa1a9dec3a9940c072684a46728bf1fc,54,3.983,16.9
both,small_appliances,2,True,True,1,4e7c18b98d84e05cbae3ff0ff03846c2,68,4.085,21.1
both,small_appliances,2,True,True,2,9674754b5a0cb32b638cec001178f799,56,4.0,20.9
top_10,sports_leisure,61,False,False,1,dee656f0f566ed1aa85bd137c943f08f,32,4.727,3.0
top_10,sports_leisure,61,False,False,2,d566c37fa119d5e66c4e9052e83ee4ea,55,4.694,3.2
top_10,sports_leisure,61,False,False,3,376a891762bbdecbc02b4b6adec3fdda,51,4.627,2.0
top_10,sports_leisure,61,False,False,4,5b925e1d006e9476d738aa200751b73b,63,4.603,4.8
top_10,sports_leisure,61,False,False,5,02f623a8eb246f3c5f7c2f96462654e6,40,4.575,5.0
top_10,sports_leisure,61,False,False,6,c864036feaab8c1659f65ea4faebe1da,58,4.569,5.2
top_10,sports_leisure,61,False,False,7,9b00ed88b7fdb95d6ff76e27c1b52d16,45,4.553,6.4
top_10,sports_leisure,61,False,False,8,0509040ea3fe50071181bbc359eb7738,78,4.541,1.2
top_10,sports_leisure,61,False,False,9,b1ac6ea7895bc3dd6f0f6f4abbdd2821,38,4.526,2.6
top_10,sports_leisure,61,False,False,10,55a5b51f93f2b70ea513f5a047b0262a,39,4.488,4.9
bottom_10,sports_leisure,61,False,False,1,751bdc4d83a466c7206cd42e8f426b03,36,3.489,36.2
bottom_10,sports_leisure,61,False,False,2,ef990a83bbea832f36ebe81376335aa8,39,3.6,27.5
bottom_10,sports_leisure,61,False,False,3,1da3aeb70d7989d1e6d9b0e887f97c23,61,3.667,26.7
bottom_10,sports_leisure,61,False,False,4,4c2b230173bb36f9b240f2b8ac11786e,253,3.766,24.6
bottom_10,sports_leisure,61,False,False,5,cd68562d3f44870c08922d380acae552,42,3.766,23.4
bottom_10,sports_leisure,61,False,False,6,3c03b12bab54d8b37d79d914bfdb1aa0,33,3.821,20.5
bottom_10,sports_leisure,61,False,False,7,d05ae8f7a5bd1d2a690a44cd079e4e27,76,3.823,22.8
bottom_10,sports_leisure,61,False,False,8,0691148aee60ca47977c187804f935ae,35,3.825,22.5
bottom_10,sports_leisure,61,False,False,9,440dd6ab244315c632130ecfb63827b1,88,3.876,15.7
bottom_10,sports_leisure,61,False,False,10,6b3bd31ad8fcda4b2635ec9f3ff2ecdf,34,3.951,22.0
top_10,stationery,12,True,False,1,3586b8580d9c917874e053a1bb37b5ff,33,4.5,7.5
top_10,stationery,12,True,False,2,aba1721a889e04decc910aa13b768ef4,77,4.419,10.5
bottom_10,stationery,12,True,False,1,2c9e548be18521d1c43cde1c582c6de8,95,3.8,23.8
bottom_10,stationery,12,True,False,2,0d85bbda9889ce1f7e63778d24f346eb,31,3.968,19.4
both,stationery,12,True,True,3,2a84855fd20af891be03bc5924d2b453,62,4.397,7.9
both,stationery,12,True,True,4,b2ba3715d723d245138f291a6fe42594,82,4.378,8.5
both,stationery,12,True,True,5,6cd68b3ed6d59aaa9fece558ad360c0a,33,4.314,8.6
both,stationery,12,True,True,6,dbc22125167c298ef99da25668e1011f,81,4.293,7.3
both,stationery,12,True,True,7,955fee9216a65b617aa5c0531780ce60,46,4.286,8.2
both,stationery,12,True,True,8,b561927807645834b59ef0d16ba55a24,72,4.256,11.0
both,stationery,12,True,True,9,de23c3b98a88888289c6f5cc1209054a,65,4.206,11.8
both,stationery,12,True,True,10,3d871de0142ce09b7081e2b9d1733cb1,774,4.179,11.4
both,tablets_printing_image,1,True,True,1,0db783cfcd3b73998abc6e10e59a102f,50,4.302,9.4
top_10,telephony,21,False,False,1,0db783cfcd3b73998abc6e10e59a102f,57,4.305,8.5
top_10,telephony,21,False,False,2,8d956fec2e4337affcb520f56fd8cbfd,47,4.28,4.0
top_10,telephony,21,False,False,3,1b4c3a6f53068f0b6944d2d005c9fc89,31,4.258,6.5
top_10,telephony,21,False,False,4,562fc2f2c2863ab7e79a9e4388a58a14,253,4.247,9.5
top_10,telephony,21,False,False,5,6c177e38df6d3f34182b1f1d427231bf,44,4.205,11.4
top_10,telephony,21,False,False,6,db4350fd57ae30082dec7acbaacc17f9,118,4.181,11.8
top_10,telephony,21,False,False,7,b76dba6c951ab00dc4edf0a1aa88037e,114,4.156,11.5
top_10,telephony,21,False,False,8,c9c7905cffc4ef9ff9f113554423e671,42,4.156,13.3
top_10,telephony,21,False,False,9,53243585a1d6dc2643021fd1853d8905,205,4.068,11.2
top_10,telephony,21,False,False,10,75d34ebb1bd0bd7dde40dd507b8169c3,52,4.0,19.4
bottom_10,telephony,21,False,False,1,7040e82f899a04d1b434b795a43b4617,41,3.674,26.1
bottom_10,telephony,21,False,False,2,70a12e78e608ac31179aea7f8422044b,67,3.7,22.9
bottom_10,telephony,21,False,False,3,6f892e20a171e98efe17fdb971ff319b,37,3.87,19.6
bottom_10,telephony,21,False,False,4,7202e2ba20579a9bd1acb29e61fe71f6,43,3.933,17.8
bottom_10,telephony,21,False,False,5,ef506c96320abeedfb894c34db06f478,290,3.937,17.5
bottom_10,telephony,21,False,False,6,2138ccb85b11a4ec1e37afbd1c8eda1f,332,3.95,16.5
bottom_10,telephony,21,False,False,7,4e922959ae960d389249c378d1c939f5,43,3.956,20.0
bottom_10,telephony,21,False,False,8,99eaacc9e6046db1c82b163c5f84869f,43,3.957,19.6
bottom_10,telephony,21,False,False,9,7d76b645482be4a332374e8223836592,167,3.972,14.6
bottom_10,telephony,21,False,False,10,ea8482cd71df3c1969d7b9473ff13abc,1103,3.98,15.7
top_10,toys,31,False,False,1,ac3508719a1d8f5b7614b798f70af136,82,4.646,2.4
top_10,toys,31,False,False,2,0432ead42b6c8a0bdf68154add917fdf,78,4.59,6.0
top_10,toys,31,False,False,3,725c32fa80c2faacc4fc88450d27314e,85,4.539,2.2
top_10,toys,31,False,False,4,9d4db00d65d7760644ac0c14edb5fd86,64,4.523,4.6
top_10,toys,31,False,False,5,7299e27ed73d2ad986de7f7c77d919fa,80,4.494,5.9
top_10,toys,31,False,False,6,de23c3b98a88888289c6f5cc1209054a,85,4.465,7.1
top_10,toys,31,False,False,7,fa40cc5b934574b62717c68f3d678b6d,274,4.449,7.5
top_10,toys,31,False,False,8,5160d23075764e18e07c1f4a87fad743,33,4.447,7.9
top_10,toys,31,False,False,9,76d64c4aca3a7baf218bf93ef7fa768d,32,4.438,9.4
top_10,toys,31,False,False,10,1da3aeb70d7989d1e6d9b0e887f97c23,41,4.388,8.2
bottom_10,toys,31,False,False,1,a49928bcdf77c55c6d6e05e09a9b4ca5,82,2.911,44.4
bottom_10,toys,31,False,False,2,4a3ca9315b744ce9f8e9374361493884,48,3.722,24.1
bottom_10,toys,31,False,False,3,3c4e0452bff7a2a788179488d3d77032,30,3.794,20.6
bottom_10,toys,31,False,False,4,5f2684dab12e59f83bef73ae57724e45,62,3.908,21.5
bottom_10,toys,31,False,False,5,dd533b429f380718b70ad9922c294bae,33,3.946,13.5
bottom_10,toys,31,False,False,6,b2ba3715d723d245138f291a6fe42594,56,3.947,15.8
bottom_10,toys,31,False,False,7,3d871de0142ce09b7081e2b9d1733cb1,223,4.004,13.1
bottom_10,toys,31,False,False,8,f8db351d8c4c4c22c6835c19a46f01b0,50,4.059,15.7
bottom_10,toys,31,False,False,9,adbc26658d6c7b4b6219f9d934598091,32,4.059,14.7
bottom_10,toys,31,False,False,10,7aa4334be125fcdd2ba64b3180029f14,169,4.065,16.7
both,unknown,4,True,True,1,46dc3b2cc0980fb8ec44634e21d2718e,35,4.25,11.1
both,unknown,4,True,True,2,c826c40d7b19f62a09e2d7c5e7295ee2,344,4.088,15.4
both,unknown,4,True,True,3,e5a3438891c0bfdb9394643f95273d8e,82,4.07,16.3
both,unknown,4,True,True,4,1ca7077d890b907f89be8c954a02686a,67,1.789,77.6
top_10,watches_gifts,22,False,False,1,d921b68bf747894be13a97ae52b0f386,67,4.582,6.0
top_10,watches_gifts,22,False,False,2,c66dccfb3f109511246da627dd5a2498,43,4.581,7.0
top_10,watches_gifts,22,False,False,3,744dac408745240a2c2528fb1b6028f3,71,4.513,3.9
top_10,watches_gifts,22,False,False,4,8ae520247981aa06bc94abddf5f46d34,52,4.462,9.6
top_10,watches_gifts,22,False,False,5,58f1a6197ed863543e0136bdedb3fce2,30,4.4,13.3
top_10,watches_gifts,22,False,False,6,fa1c13f2614d7b5c4749cbc52fecda94,568,4.38,9.3
top_10,watches_gifts,22,False,False,7,7e93a43ef30c4f03f38b393420bc753a,296,4.369,7.4
top_10,watches_gifts,22,False,False,8,d650b663c3b5f6fb392b6326366efa9a,54,4.352,7.4
top_10,watches_gifts,22,False,False,9,381c83fdca332ea6afd896da20bf6e4a,43,4.349,9.3
top_10,watches_gifts,22,False,False,10,3d871de0142ce09b7081e2b9d1733cb1,52,4.306,9.7
bottom_10,watches_gifts,22,False,False,1,2eb70248d66e0e3ef83659f71b244378,108,2.964,42.7
bottom_10,watches_gifts,22,False,False,2,c60b801f2d52c7f7f91de00870882a75,30,3.367,33.3
bottom_10,watches_gifts,22,False,False,3,b1fc4f64df5a0e8b6913ab38803c57a9,105,3.782,20.2
bottom_10,watches_gifts,22,False,False,4,634964b17796e64304cadf1ad3050fb7,218,3.891,17.8
bottom_10,watches_gifts,22,False,False,5,6560211a19b47992c3666cc44a7e94c0,1426,3.918,17.4
bottom_10,watches_gifts,22,False,False,6,86ccac0b835037332a596a33b6949ee1,174,4.02,17.6
bottom_10,watches_gifts,22,False,False,7,7d13fca15225358621be4086e1eb0964,486,4.028,17.5
bottom_10,watches_gifts,22,False,False,8,056b4ada5bbc2c50cc7842547dda6b51,58,4.119,15.3
bottom_10,watches_gifts,22,False,False,9,4869f7a5dfa277a7dca6462dcf3b52b2,966,4.129,13.3
bottom_10,watches_gifts,22,False,False,10,966cb4760537b1404caedd472cc610a5,67,4.134,11.9
