category,qualifying_seller_count,few_qualifying_sellers
agro_industry_and_commerce,1,True
air_conditioning,1,True
art,1,True
audio,5,True
auto,22,False
baby,23,False
bed_bath_table,47,False
books_general_interest,5,True
books_technical,3,True
christmas_supplies,2,True
computers,1,True
computers_accessories,49,False
consoles_games,6,True
construction_tools_construction,5,True
construction_tools_lights,3,True
construction_tools_safety,1,True
cool_stuff,19,True
costruction_tools_garden,2,True
drinks,2,True
dvds_blu_ray,1,True
electronics,11,True
fashion_bags_accessories,15,True
fashion_male_clothing,1,True
fashion_shoes,3,True
fashion_underwear_beach,1,True
fixed_telephony,2,True
food,3,True
food_drink,2,True
furniture_decor,45,False
furniture_living_room,4,True
garden_tools,14,True
health_beauty,60,False
home_appliances,3,True
home_appliances_2,1,True
home_confort,2,True
home_construction,3,True
housewares,50,False
industry_commerce_and_business,2,True
kitchen_dining_laundry_garden_furniture,1,True
luggage_accessories,8,True
market_place,1,True
musical_instruments,6,True
office_furniture,4,True
perfumery,17,True
pet_shop,14,True
small_appliances,2,True
sports_leisure,61,False
stationery,12,True
tablets_printing_image,1,True
telephony,21,False
toys,31,False
unknown,4,True
watches_gifts,22,False
