cohort_month,cohort_size,max_observable_offset,month_0,month_1,month_2,month_3,month_4,month_5,month_6,month_7,month_8,month_9,month_10,month_11
2017-01-01 00:00:00,717,19,100.0,0.3,0.3,0.1,0.4,0.1,0.4,0.1,0.1,0.0,0.4,0.1
2017-02-01 00:00:00,1628,18,100.0,0.2,0.3,0.1,0.4,0.1,0.2,0.2,0.1,0.2,0.1,0.3
2017-03-01 00:00:00,2503,17,100.0,0.4,0.4,0.4,0.4,0.2,0.2,0.3,0.3,0.1,0.4,0.1
2017-04-01 00:00:00,2256,16,100.0,0.6,0.2,0.2,0.3,0.3,0.4,0.3,0.3,0.2,0.3,0.1
2017-05-01 00:00:00,3451,15,100.0,0.5,0.5,0.3,0.3,0.3,0.4,0.1,0.3,0.3,0.3,0.3
2017-06-01 00:00:00,3037,14,100.0,0.5,0.4,0.4,0.3,0.4,0.4,0.2,0.1,0.2,0.3,0.4
2017-07-01 00:00:00,3752,13,100.0,0.5,0.3,0.2,0.3,0.2,0.3,0.1,0.2,0.3,0.2,0.3
2017-08-01 00:00:00,4057,12,100.0,0.7,0.3,0.3,0.3,0.5,0.3,0.3,0.1,0.1,0.2,0.2
2017-09-01 00:00:00,4004,11,100.0,0.7,0.5,0.3,0.4,0.2,0.2,0.2,0.3,0.2,0.2,0.1
2017-10-01 00:00:00,4328,10,100.0,0.7,0.3,0.1,0.2,0.2,0.2,0.4,0.3,0.2,0.2,
2017-11-01 00:00:00,7060,9,100.0,0.6,0.4,0.2,0.2,0.2,0.1,0.2,0.1,0.1,,
2017-12-01 00:00:00,5338,8,100.0,0.2,0.3,0.3,0.3,0.2,0.2,0.0,0.2,,,
2018-01-01 00:00:00,6842,7,100.0,0.3,0.4,0.3,0.3,0.2,0.2,0.2,,,,
2018-02-01 00:00:00,6288,6,100.0,0.3,0.4,0.3,0.3,0.2,0.2,,,,,
2018-03-01 00:00:00,6774,5,100.0,0.4,0.3,0.3,0.1,0.1,,,,,,
2018-04-01 00:00:00,6582,4,100.0,0.6,0.3,0.2,0.1,,,,,,,
2018-05-01 00:00:00,6506,3,100.0,0.5,0.3,0.2,,,,,,,,
2018-06-01 00:00:00,5878,2,100.0,0.4,0.3,,,,,,,,,
2018-07-01 00:00:00,5949,1,100.0,0.5,,,,,,,,,,
2018-08-01 00:00:00,6144,0,100.0,,,,,,,,,,,
